user53,Dolly Parton,female,1
user152,Carrie Underwood,female,1
user26,Beyonce,female,-1
user94,Ellie Goulding,female,-1
user28,Akon,male,1
user9,Adele,female,0
user112,Austin Mahone,male,-1
user93,2 Chainz,male,0
user248,Celine Dion,female,1
user238,Sammy Hagar,male,1
user7,Carrie Underwood,female,0
user119,Rihanna,female,0
user192,2 Chainz,male,0
user104,Austin Mahone,male,-1
user131,David Bowie,male,-1
user135,2 Chainz,male,1
user1,Celine Dion,female,1
user114,David Bowie,male,-1
user10,Justin Timberlake,male,1
user202,Demi Lovato,female,0
user202,Akon,male,0
user37,Justin Timberlake,male,-1
user140,Dolly Parton,female,0
user128,Justin Timberlake,male,1
user203,Katy Perry,female,-1
user194,Johnny Cash,male,1
user246,Andrew W.K.,male,0
user109,Beyonce,female,0
user202,Madonna,female,1
user164,Austin Mahone,male,1
user38,Missy Elliot,female,1
user10,Akon,male,-1
user157,Beyonce,female,-1
user144,Sammy Hagar,male,1
user140,Carrie Underwood,female,-1
user92,Demi Lovato,female,-1
user147,Austin Mahone,male,0
user166,Missy Elliot,female,-1
user210,Ellie Goulding,female,0
user190,Katy Perry,female,1
user217,Carrie Underwood,female,0
user46,Beyonce,female,1
user243,Andrew W.K.,male,0
user111,Beyonce,female,1
user162,Blake Shelton,male,1
user111,Justin Timberlake,male,1
user79,Ellie Goulding,female,-1
user76,Dolly Parton,female,1
user213,Carrie Underwood,female,1
user82,Missy Elliot,female,1
user80,Missy Elliot,female,1
user27,Andrew W.K.,male,0
user139,Carrie Underwood,female,1
user137,Justin Timberlake,male,1
user59,Madonna,female,1
user196,Austin Mahone,male,-1
user190,David Bowie,male,1
user27,Austin Mahone,male,1
user184,Rihanna,female,1
user239,Carrie Underwood,female,-1
user161,Sammy Hagar,male,-1
user127,Ellie Goulding,female,-1
user40,Billy Joel,male,0
user180,Billy Joel,male,0
user126,Celine Dion,female,1
user196,Sammy Hagar,male,1
user248,Austin Mahone,male,0
user214,Johnny Cash,male,-1
user171,Sammy Hagar,male,-1
user211,Adele,female,0
user118,Andrew W.K.,male,-1
user57,Iggy Azalea,female,1
user92,Paul McCartney,male,-1
user44,Austin Mahone,male,0
user121,Madonna,female,-1
user94,Sammy Hagar,male,-1
user239,Justin Timberlake,male,0
user170,Blake Shelton,male,1
user69,Andrew W.K.,male,1
user190,Pitbull,male,-1
user180,Missy Elliot,female,0
user76,Madonna,female,1
user79,Blake Shelton,male,-1
user227,Paul McCartney,male,0
user145,Paul McCartney,male,1
user95,Sammy Hagar,male,1
user1,Dolly Parton,female,0
user169,Celine Dion,female,1
user42,Andrew W.K.,male,1
user128,Iggy Azalea,female,0
user92,Iggy Azalea,female,1
user97,Sammy Hagar,male,0
user26,Taylor Swift,female,0
user161,Madonna,female,1
user203,Sammy Hagar,male,1
user115,Katy Perry,female,1
user219,Katy Perry,female,1
user102,Dolly Parton,female,1
user51,Katy Perry,female,1
user4,Missy Elliot,female,-1
user225,Demi Lovato,female,-1
user45,Madonna,female,0
user241,Johnny Cash,male,1
user247,Akon,male,0
user188,Missy Elliot,female,0
user210,David Bowie,male,-1
user173,Iggy Azalea,female,0
user238,Katy Perry,female,1
user247,Dolly Parton,female,1
user68,Carrie Underwood,female,0
user22,Johnny Cash,male,1
user235,Madonna,female,0
user223,Adele,female,1
user177,Blake Shelton,male,0
user26,2 Chainz,male,1
user80,Adele,female,0
user231,Billy Joel,male,1
user128,Beyonce,female,0
user131,Justin Timberlake,male,-1
user144,Billy Joel,male,1
user37,Katy Perry,female,-1
user147,Johnny Cash,male,1
user183,Pitbull,male,1
user45,Paul McCartney,male,-1
user130,Pitbull,male,-1
user10,David Bowie,male,-1
user51,Madonna,female,-1
user70,Beyonce,female,1
user153,Blake Shelton,male,1
user69,Johnny Cash,male,1
user55,Johnny Cash,male,1
user68,Pitbull,male,0
user218,Carrie Underwood,female,0
user85,Taylor Swift,female,-1
user86,2 Chainz,male,1
user82,Paul McCartney,male,1
user166,Akon,male,0
user247,Andrew W.K.,male,1
user12,Dolly Parton,female,0
user56,Adele,female,-1
user227,Madonna,female,-1
user236,Carrie Underwood,female,-1
user126,Adele,female,-1
user139,Austin Mahone,male,-1
user192,Ellie Goulding,female,1
user87,Andrew W.K.,male,0
user188,Justin Timberlake,male,-1
user138,Missy Elliot,female,1
user126,Carrie Underwood,female,0
user130,Celine Dion,female,1
user136,Iggy Azalea,female,0
user76,Taylor Swift,female,-1
user166,Pitbull,male,1
user190,Taylor Swift,female,-1
user77,Paul McCartney,male,-1
user9,Austin Mahone,male,-1
user102,Paul McCartney,male,1
user45,Billy Joel,male,-1
user96,Andrew W.K.,male,0
user248,Billy Joel,male,1
user120,Akon,male,0
user45,Celine Dion,female,1
user147,Demi Lovato,female,0
user139,Andrew W.K.,male,1
user28,Adele,female,1
user50,David Bowie,male,-1
user85,Pitbull,male,1
user76,Austin Mahone,male,1
user161,2 Chainz,male,-1
user190,Missy Elliot,female,1
user147,Celine Dion,female,1
user126,Ellie Goulding,female,0
user184,Billy Joel,male,-1
user56,Madonna,female,-1
user249,Iggy Azalea,female,-1
user90,Demi Lovato,female,-1
user121,Iggy Azalea,female,1
user198,Pitbull,male,1
user44,Sammy Hagar,male,0
user55,Pitbull,male,1
user204,Iggy Azalea,female,0
user231,2 Chainz,male,0
user89,Iggy Azalea,female,-1
user68,Beyonce,female,0
user88,Taylor Swift,female,1
user51,Celine Dion,female,1
user52,Beyonce,female,-1
user234,Paul McCartney,male,0
user196,Celine Dion,female,1
user61,Austin Mahone,male,1
user239,2 Chainz,male,-1
user199,2 Chainz,male,1
user247,David Bowie,male,-1
user101,Adele,female,-1
user139,Billy Joel,male,0
user137,2 Chainz,male,1
user190,2 Chainz,male,0
user138,Blake Shelton,male,1
user92,Ellie Goulding,female,1
user187,2 Chainz,male,1
user168,Beyonce,female,-1
user50,Rihanna,female,1
user192,Andrew W.K.,male,1
user62,Ellie Goulding,female,0
user54,Celine Dion,female,-1
user81,Paul McCartney,male,1
user27,Johnny Cash,male,0
user152,Iggy Azalea,female,1
user204,Pitbull,male,-1
user172,Billy Joel,male,1
user162,Johnny Cash,male,1
user165,Taylor Swift,female,1
user181,Johnny Cash,male,-1
user204,Akon,male,-1
user42,Ellie Goulding,female,0
user99,Dolly Parton,female,0
user109,Andrew W.K.,male,0
user13,Blake Shelton,male,0
user16,Akon,male,0
user182,Ellie Goulding,female,0
user173,Sammy Hagar,male,1
user21,Andrew W.K.,male,1
user68,Johnny Cash,male,0
user161,Celine Dion,female,1
user187,Missy Elliot,female,0
user120,Madonna,female,1
user79,Iggy Azalea,female,1
user6,Adele,female,-1
user106,Adele,female,0
user115,Blake Shelton,male,0
user87,Akon,male,-1
user19,Adele,female,1
user111,Adele,female,0
user133,Pitbull,male,1
user123,Rihanna,female,1
user118,Carrie Underwood,female,1
user1,Akon,male,0
user204,Dolly Parton,female,0
user121,Rihanna,female,1
user123,Johnny Cash,male,1
user247,Celine Dion,female,1
user164,Ellie Goulding,female,1
user209,Dolly Parton,female,-1
user82,Justin Timberlake,male,1
user202,Paul McCartney,male,0
user192,David Bowie,male,0
user159,Paul McCartney,male,0
user222,David Bowie,male,0
user79,Madonna,female,1
user228,Iggy Azalea,female,1
user34,Celine Dion,female,1
user140,Sammy Hagar,male,-1
user17,Pitbull,male,0
user121,Carrie Underwood,female,-1
user224,Beyonce,female,-1
user249,Adele,female,1
user196,Blake Shelton,male,1
user135,Madonna,female,1
user198,Andrew W.K.,male,-1
user176,Austin Mahone,male,-1
user41,Sammy Hagar,male,0
user17,Taylor Swift,female,-1
user93,Dolly Parton,female,-1
user12,Paul McCartney,male,1
user201,Andrew W.K.,male,0
user162,Justin Timberlake,male,-1
user43,Dolly Parton,female,1
user99,Katy Perry,female,1
user103,Katy Perry,female,1
user163,Justin Timberlake,male,1
user249,Andrew W.K.,male,1
user44,2 Chainz,male,0
user139,Blake Shelton,male,1
user222,Celine Dion,female,1
user131,Austin Mahone,male,-1
user249,Blake Shelton,male,0
user250,Missy Elliot,female,1
user111,2 Chainz,male,1
user133,Carrie Underwood,female,0
user27,Missy Elliot,female,1
user54,Demi Lovato,female,-1
user161,Missy Elliot,female,0
user143,Pitbull,male,1
user121,Missy Elliot,female,1
user235,Adele,female,1
user13,Madonna,female,-1
user192,Taylor Swift,female,1
user43,Johnny Cash,male,0
user170,Sammy Hagar,male,-1
user153,Paul McCartney,male,-1
user209,Carrie Underwood,female,-1
user144,Adele,female,0
user147,Iggy Azalea,female,1
user19,Celine Dion,female,-1
user239,Adele,female,-1
user120,Beyonce,female,-1
user138,Dolly Parton,female,-1
user104,Madonna,female,1
user231,Andrew W.K.,male,-1
user94,Demi Lovato,female,1
user87,Billy Joel,male,0
user241,Celine Dion,female,1
user120,2 Chainz,male,1
user239,Demi Lovato,female,1
user101,Blake Shelton,male,1
user4,Blake Shelton,male,-1
user135,Akon,male,-1
user157,Ellie Goulding,female,1
user127,Austin Mahone,male,1
user42,Katy Perry,female,1
user133,Demi Lovato,female,-1
user14,Missy Elliot,female,0
user9,Billy Joel,male,0
user214,2 Chainz,male,0
user196,Taylor Swift,female,0
user10,2 Chainz,male,1
user203,Adele,female,-1
user16,Justin Timberlake,male,1
user169,Pitbull,male,0
user121,2 Chainz,male,1
user22,Carrie Underwood,female,1
user247,Madonna,female,1
user235,Akon,male,1
user11,Johnny Cash,male,0
user218,David Bowie,male,-1
user195,Andrew W.K.,male,0
user249,Paul McCartney,male,1
user156,Taylor Swift,female,-1
user28,Missy Elliot,female,-1
user63,Rihanna,female,-1
user163,Pitbull,male,-1
user247,Katy Perry,female,1
user10,Adele,female,1
user40,Adele,female,0
user37,Iggy Azalea,female,-1
user224,Ellie Goulding,female,0
user161,Pitbull,male,1
user62,Pitbull,male,0
user86,Pitbull,male,1
user144,Ellie Goulding,female,0
user188,2 Chainz,male,1
user154,Demi Lovato,female,-1
user172,Iggy Azalea,female,1
user44,Justin Timberlake,male,1
user157,Taylor Swift,female,1
user8,Rihanna,female,0
user204,Rihanna,female,1
user190,Iggy Azalea,female,1
user219,Missy Elliot,female,-1
user201,Johnny Cash,male,-1
user130,Dolly Parton,female,0
user141,Johnny Cash,male,1
user86,Ellie Goulding,female,-1
user135,Paul McCartney,male,1
user122,Beyonce,female,1
user197,Akon,male,-1
user38,Rihanna,female,0
user42,Sammy Hagar,male,-1
user29,Ellie Goulding,female,0
user68,Madonna,female,1
user55,Katy Perry,female,0
user166,Johnny Cash,male,-1
user4,Beyonce,female,0
user33,Pitbull,male,1
user121,Justin Timberlake,male,1
user219,Dolly Parton,female,1
user187,Adele,female,0
user33,Sammy Hagar,male,0
user22,Andrew W.K.,male,0
user189,Paul McCartney,male,-1
user179,Blake Shelton,male,1
user189,Katy Perry,female,1
user244,Iggy Azalea,female,-1
user95,Billy Joel,male,0
user48,Sammy Hagar,male,-1
user159,Taylor Swift,female,1
user199,Billy Joel,male,-1
user125,Pitbull,male,-1
user194,Blake Shelton,male,0
user33,David Bowie,male,1
user147,Dolly Parton,female,0
user79,Austin Mahone,male,1
user70,Missy Elliot,female,1
user28,David Bowie,male,-1
user150,Billy Joel,male,1
user135,Katy Perry,female,1
user127,Katy Perry,female,1
user14,Taylor Swift,female,0
user120,Rihanna,female,1
user131,Dolly Parton,female,-1
user142,Paul McCartney,male,0
user48,Taylor Swift,female,0
user120,David Bowie,male,-1
user16,Johnny Cash,male,1
user145,Taylor Swift,female,1
user190,Sammy Hagar,male,1
user119,Andrew W.K.,male,0
user42,Justin Timberlake,male,0
user24,Pitbull,male,1
user204,Billy Joel,male,-1
user139,Madonna,female,1
user99,Adele,female,1
user157,Celine Dion,female,1
user173,Andrew W.K.,male,0
user153,Johnny Cash,male,-1
user204,Madonna,female,1
user102,Billy Joel,male,0
user39,Justin Timberlake,male,-1
user28,Sammy Hagar,male,0
user157,Akon,male,1
user52,Justin Timberlake,male,1
user143,Blake Shelton,male,1
user187,Justin Timberlake,male,0
user235,Dolly Parton,female,1
user37,Demi Lovato,female,1
user85,Iggy Azalea,female,0
user76,David Bowie,male,1
user195,Beyonce,female,0
user188,Demi Lovato,female,0
user42,Iggy Azalea,female,1
user175,Ellie Goulding,female,-1
user89,Blake Shelton,male,-1
user192,Sammy Hagar,male,1
user56,Katy Perry,female,-1
user72,Celine Dion,female,1
user217,Adele,female,-1
user140,Austin Mahone,male,-1
user188,Katy Perry,female,-1
user207,Pitbull,male,-1
user74,Iggy Azalea,female,-1
user128,Sammy Hagar,male,0
user24,Sammy Hagar,male,0
user195,Blake Shelton,male,1
user51,David Bowie,male,1
user250,Pitbull,male,1
user23,Madonna,female,0
user149,Missy Elliot,female,1
user227,Beyonce,female,0
user98,Madonna,female,1
user204,Sammy Hagar,male,1
user91,Andrew W.K.,male,0
user63,Blake Shelton,male,-1
user130,Johnny Cash,male,1
user121,Paul McCartney,male,0
user154,Johnny Cash,male,-1
user149,Taylor Swift,female,1
user49,Celine Dion,female,1
user241,Paul McCartney,male,1
user179,Ellie Goulding,female,1
user42,Celine Dion,female,1
user215,Ellie Goulding,female,0
user161,Johnny Cash,male,1
user85,Adele,female,0
user154,Dolly Parton,female,-1
user183,David Bowie,male,-1
user113,Justin Timberlake,male,0
user224,Carrie Underwood,female,0
user116,Celine Dion,female,-1
user143,Adele,female,-1
user104,2 Chainz,male,1
user30,Paul McCartney,male,-1
user76,Beyonce,female,0
user202,Katy Perry,female,1
user117,Blake Shelton,male,1
user74,Akon,male,-1
user202,2 Chainz,male,-1
user27,Adele,female,-1
user122,Paul McCartney,male,1
user174,Akon,male,1
user111,Austin Mahone,male,1
user204,David Bowie,male,0
user137,Missy Elliot,female,-1
user54,Justin Timberlake,male,-1
user76,Iggy Azalea,female,1
user185,Paul McCartney,male,1
user68,Austin Mahone,male,1
user206,Billy Joel,male,1
user217,Paul McCartney,male,1
user65,Akon,male,0
user10,Rihanna,female,1
user175,David Bowie,male,0
user157,Carrie Underwood,female,1
user101,Sammy Hagar,male,0
user89,Rihanna,female,1
user193,Akon,male,1
user143,David Bowie,male,1
user40,Katy Perry,female,1
user129,Taylor Swift,female,1
user134,Austin Mahone,male,0
user87,Johnny Cash,male,1
user247,Austin Mahone,male,0
user62,Austin Mahone,male,1
user68,Adele,female,1
user196,Missy Elliot,female,1
user209,Missy Elliot,female,0
user68,Sammy Hagar,male,-1
user36,Madonna,female,1
user167,Sammy Hagar,male,0
user179,Billy Joel,male,1
user120,Demi Lovato,female,0
user211,Carrie Underwood,female,0
user168,2 Chainz,male,0
user114,Carrie Underwood,female,0
user29,2 Chainz,male,0
user134,Beyonce,female,0
user93,Demi Lovato,female,1
user54,Paul McCartney,male,1
user77,Johnny Cash,male,1
user249,Demi Lovato,female,-1
user94,Missy Elliot,female,0
user247,Sammy Hagar,male,0
user90,Billy Joel,male,0
user54,Katy Perry,female,-1
user55,Demi Lovato,female,-1
user89,Pitbull,male,1
user241,Pitbull,male,-1
user162,Celine Dion,female,1
user187,Paul McCartney,male,1
user209,Taylor Swift,female,1
user121,Demi Lovato,female,0
user226,Ellie Goulding,female,0
user161,Rihanna,female,1
user147,Taylor Swift,female,1
user85,Katy Perry,female,-1
user133,Beyonce,female,1
user14,David Bowie,male,1
user149,Beyonce,female,0
user156,Missy Elliot,female,1
user177,Madonna,female,0
user229,Paul McCartney,male,0
user181,Beyonce,female,0
user53,Adele,female,-1
user177,Billy Joel,male,-1
user83,Pitbull,male,1
user138,Carrie Underwood,female,-1
user242,David Bowie,male,-1
user89,Madonna,female,-1
user232,Johnny Cash,male,0
user45,Iggy Azalea,female,0
user151,Billy Joel,male,0
user113,Billy Joel,male,1
user114,Paul McCartney,male,1
user165,Rihanna,female,0
user33,Adele,female,-1
user249,Beyonce,female,1
user147,David Bowie,male,1
user226,Carrie Underwood,female,0
user152,Demi Lovato,female,0
user211,Pitbull,male,-1
user179,Madonna,female,1
user118,Ellie Goulding,female,0
user8,Pitbull,male,1
user55,Dolly Parton,female,-1
user175,Carrie Underwood,female,0
user4,Madonna,female,1
user121,Adele,female,-1
user62,Demi Lovato,female,1
user87,Missy Elliot,female,1
user89,Adele,female,-1
user81,Blake Shelton,male,0
user45,Adele,female,1
user130,Adele,female,1
user104,Akon,male,1
user204,Austin Mahone,male,1
user86,Katy Perry,female,1
user86,Andrew W.K.,male,0
user188,Austin Mahone,male,1
user244,2 Chainz,male,-1
user104,Blake Shelton,male,-1
user11,Madonna,female,1
user86,Justin Timberlake,male,-1
user42,Paul McCartney,male,1
user40,Rihanna,female,-1
user239,Akon,male,0
user226,Madonna,female,1
user235,Johnny Cash,male,0
user209,Celine Dion,female,1
user226,Missy Elliot,female,-1
user27,Madonna,female,-1
user121,Beyonce,female,0
user77,Andrew W.K.,male,1
user120,Justin Timberlake,male,0
user156,Iggy Azalea,female,-1
user137,Dolly Parton,female,0
user173,David Bowie,male,-1
user102,Austin Mahone,male,1
user56,Missy Elliot,female,1
user1,Paul McCartney,male,0
user154,Celine Dion,female,1
user169,Andrew W.K.,male,1
user167,Justin Timberlake,male,-1
user153,2 Chainz,male,1
user65,Sammy Hagar,male,0
user93,Celine Dion,female,1
user126,Demi Lovato,female,-1
user153,Akon,male,1
user177,Sammy Hagar,male,-1
user162,Beyonce,female,0
user161,Justin Timberlake,male,1
user137,Akon,male,0
user138,Billy Joel,male,0
user29,Johnny Cash,male,1
user11,Missy Elliot,female,0
user210,Akon,male,-1
user156,Ellie Goulding,female,0
user55,David Bowie,male,-1
user204,Katy Perry,female,1
user62,Taylor Swift,female,1
user249,Akon,male,-1
user236,Sammy Hagar,male,-1
user40,Sammy Hagar,male,0
user55,Iggy Azalea,female,1
user207,Billy Joel,male,-1
user37,Billy Joel,male,0
user68,Andrew W.K.,male,-1
user176,Madonna,female,0
user158,Andrew W.K.,male,0
user190,Austin Mahone,male,1
user111,Katy Perry,female,1
user3,Austin Mahone,male,0
user131,Iggy Azalea,female,1
user224,Missy Elliot,female,-1
user179,Justin Timberlake,male,0
user17,Andrew W.K.,male,1
user189,Missy Elliot,female,1
user166,Beyonce,female,1
user171,Akon,male,1
user27,Carrie Underwood,female,0
user34,Justin Timberlake,male,-1
user47,Adele,female,1
user57,Andrew W.K.,male,1
user14,Demi Lovato,female,1
user135,Missy Elliot,female,0
user144,Paul McCartney,male,1
user202,Sammy Hagar,male,0
user79,Pitbull,male,1
user97,Dolly Parton,female,1
user99,Celine Dion,female,-1
user82,Carrie Underwood,female,0
user205,Blake Shelton,male,1
user126,Missy Elliot,female,-1
user149,Andrew W.K.,male,-1
user114,Beyonce,female,-1
user228,Pitbull,male,-1
user77,David Bowie,male,-1
user88,Missy Elliot,female,1
user51,Rihanna,female,1
user222,Blake Shelton,male,0
user118,Akon,male,0
user102,Demi Lovato,female,1
user233,Ellie Goulding,female,1
user50,Missy Elliot,female,0
user104,Missy Elliot,female,1
user106,Blake Shelton,male,-1
user208,Johnny Cash,male,-1
user191,Demi Lovato,female,0
user100,Pitbull,male,1
user111,David Bowie,male,0
user62,Dolly Parton,female,0
user10,Demi Lovato,female,1
user202,David Bowie,male,1
user62,Johnny Cash,male,-1
user202,Taylor Swift,female,1
user177,Rihanna,female,0
user204,Blake Shelton,male,1
user177,Demi Lovato,female,-1
user173,Akon,male,-1
user228,Sammy Hagar,male,-1
user19,Iggy Azalea,female,0
user104,Demi Lovato,female,0
user202,Celine Dion,female,-1
user84,Blake Shelton,male,1
user72,Sammy Hagar,male,0
user169,David Bowie,male,0
user150,Carrie Underwood,female,-1
user121,Billy Joel,male,0
user37,Beyonce,female,-1
user104,Ellie Goulding,female,1
user58,Austin Mahone,male,1
user231,Paul McCartney,male,1
user190,Blake Shelton,male,1
user204,Andrew W.K.,male,-1
user88,Austin Mahone,male,0
user169,Paul McCartney,male,1
user146,Adele,female,0
user70,Andrew W.K.,male,1
user98,Akon,male,-1
user62,Justin Timberlake,male,1
user227,Iggy Azalea,female,1
user157,Andrew W.K.,male,1
user151,2 Chainz,male,-1
user45,2 Chainz,male,1
user146,Carrie Underwood,female,-1
user134,Demi Lovato,female,0
user90,Akon,male,1
user24,Missy Elliot,female,1
user218,Katy Perry,female,0
user185,Katy Perry,female,1
user195,Sammy Hagar,male,1
user55,Adele,female,0
user103,Johnny Cash,male,1
user140,Akon,male,0
user185,Iggy Azalea,female,1
user135,David Bowie,male,1
user114,Rihanna,female,1
user14,Adele,female,1
user103,Adele,female,0
user210,Paul McCartney,male,1
user128,Andrew W.K.,male,-1
user195,David Bowie,male,0
user147,Katy Perry,female,1
user7,Rihanna,female,1
user34,Billy Joel,male,1
user115,Madonna,female,1
user176,Celine Dion,female,1
user23,David Bowie,male,1
user58,2 Chainz,male,-1
user160,Pitbull,male,1
user147,Billy Joel,male,0
user43,Missy Elliot,female,-1
user115,Taylor Swift,female,0
user54,Billy Joel,male,1
user109,Carrie Underwood,female,1
user85,David Bowie,male,0
user43,Pitbull,male,1
user122,Demi Lovato,female,0
user140,Justin Timberlake,male,1
user76,Paul McCartney,male,1
user91,Dolly Parton,female,1
user104,Iggy Azalea,female,1
user231,Dolly Parton,female,0
user220,Dolly Parton,female,0
user25,Rihanna,female,1
user201,Iggy Azalea,female,1
user206,Pitbull,male,1
user85,Justin Timberlake,male,1
user127,Andrew W.K.,male,1
user162,Carrie Underwood,female,1
user7,Celine Dion,female,1
user188,Paul McCartney,male,1
user107,Paul McCartney,male,1
user48,Akon,male,1
user85,Akon,male,0
user35,Beyonce,female,0
user29,Celine Dion,female,-1
user6,Madonna,female,1
user169,Sammy Hagar,male,1
user45,Rihanna,female,-1
user172,Ellie Goulding,female,-1
user135,Johnny Cash,male,1
user10,Ellie Goulding,female,0
user178,Madonna,female,-1
user160,Austin Mahone,male,1
user232,Sammy Hagar,male,0
user206,Johnny Cash,male,0
user53,Akon,male,0
user210,Rihanna,female,-1
user57,Celine Dion,female,0
user151,Austin Mahone,male,1
user137,Carrie Underwood,female,-1
user49,Adele,female,0
user210,2 Chainz,male,-1
user129,Iggy Azalea,female,1
user147,Sammy Hagar,male,-1
user196,Carrie Underwood,female,1
user99,Iggy Azalea,female,0
user198,Demi Lovato,female,1
user79,Akon,male,-1
user153,Iggy Azalea,female,1
user38,Adele,female,-1
user94,Austin Mahone,male,-1
user121,Taylor Swift,female,0
user190,Carrie Underwood,female,1
user82,Akon,male,0
user182,Justin Timberlake,male,-1
user157,Demi Lovato,female,1
user206,David Bowie,male,1
user211,Johnny Cash,male,0
user145,Katy Perry,female,-1
user247,Johnny Cash,male,0
user27,Iggy Azalea,female,-1
user38,Austin Mahone,male,1
user171,Pitbull,male,-1
user140,Ellie Goulding,female,-1
user188,Rihanna,female,1
user149,Johnny Cash,male,-1
user15,Austin Mahone,male,-1
user198,Justin Timberlake,male,0
user156,Carrie Underwood,female,1
user27,Pitbull,male,-1
user149,Celine Dion,female,1
user165,Ellie Goulding,female,0
user102,Adele,female,0
user27,Dolly Parton,female,-1
user192,Akon,male,0
user231,Taylor Swift,female,1
user115,Paul McCartney,male,-1
user202,Pitbull,male,1
user67,Billy Joel,male,0
user223,Demi Lovato,female,1
user147,Akon,male,-1
user18,Blake Shelton,male,0
user244,Beyonce,female,1
user238,Pitbull,male,0
user98,Carrie Underwood,female,1
user172,Katy Perry,female,0
user131,Taylor Swift,female,1
user215,Katy Perry,female,1
user166,Celine Dion,female,0
user226,Taylor Swift,female,-1
user169,Rihanna,female,0
user70,Madonna,female,1
user135,Iggy Azalea,female,1
user43,Sammy Hagar,male,-1
user60,Madonna,female,0
user157,Sammy Hagar,male,0
user196,Ellie Goulding,female,-1
user75,Beyonce,female,-1
user86,Billy Joel,male,-1
user204,Paul McCartney,male,0
user121,Austin Mahone,male,1
user121,Katy Perry,female,-1
user96,Pitbull,male,1
user236,Taylor Swift,female,1
user28,Billy Joel,male,0
user32,Katy Perry,female,-1
user159,Justin Timberlake,male,0
user244,Justin Timberlake,male,1
user157,Madonna,female,1
user187,Carrie Underwood,female,1
user170,Billy Joel,male,-1
user239,Beyonce,female,-1
user230,Madonna,female,1
user109,Austin Mahone,male,0
user3,David Bowie,male,0
user250,Beyonce,female,1
user139,Rihanna,female,1
user246,Akon,male,1
user10,Celine Dion,female,1
user14,Celine Dion,female,-1
user26,Blake Shelton,male,1
user225,Iggy Azalea,female,0
user111,Paul McCartney,male,-1
user236,Madonna,female,-1
user86,Demi Lovato,female,1
user89,Akon,male,0
user26,Demi Lovato,female,1
user204,2 Chainz,male,0
user118,Sammy Hagar,male,1
user131,Blake Shelton,male,1
user31,Johnny Cash,male,0
user82,Johnny Cash,male,1
user147,Justin Timberlake,male,0
user136,Taylor Swift,female,1
user43,Demi Lovato,female,1
user201,Demi Lovato,female,0
user117,Carrie Underwood,female,1
user140,Adele,female,0
user207,Katy Perry,female,1
user125,Taylor Swift,female,1
user40,Demi Lovato,female,1
user237,Carrie Underwood,female,-1
user148,Taylor Swift,female,1
user185,Ellie Goulding,female,-1
user226,Demi Lovato,female,1
user231,Blake Shelton,male,1
user102,Johnny Cash,male,0
user249,Billy Joel,male,0
user118,Billy Joel,male,1
user40,Ellie Goulding,female,-1
user166,Paul McCartney,male,-1
user206,Paul McCartney,male,1
user235,Sammy Hagar,male,1
user75,Dolly Parton,female,1
user95,Johnny Cash,male,0
user236,Ellie Goulding,female,1
user97,Austin Mahone,male,0
user87,Ellie Goulding,female,1
user115,Andrew W.K.,male,1
user207,Beyonce,female,0
user157,Paul McCartney,male,1
user53,Ellie Goulding,female,-1
user120,Billy Joel,male,1
user159,2 Chainz,male,1
user243,Demi Lovato,female,0
user173,Dolly Parton,female,1
user249,Sammy Hagar,male,-1
user231,Adele,female,0
user121,Akon,male,-1
user3,Demi Lovato,female,0
user95,Adele,female,0
user12,2 Chainz,male,-1
user51,Carrie Underwood,female,0
user175,Pitbull,male,0
user202,Missy Elliot,female,1
user210,Andrew W.K.,male,0
user190,Akon,male,1
user24,Madonna,female,1
user178,Johnny Cash,male,-1
user155,David Bowie,male,-1
user134,Iggy Azalea,female,1
user202,Iggy Azalea,female,-1
user145,Demi Lovato,female,0
user14,2 Chainz,male,0
user3,Sammy Hagar,male,0
user79,Sammy Hagar,male,-1
user73,Adele,female,0
user24,Blake Shelton,male,1
user126,2 Chainz,male,1
user3,Dolly Parton,female,1
user153,Demi Lovato,female,0
user82,Ellie Goulding,female,-1
user87,Justin Timberlake,male,1
user120,Ellie Goulding,female,0
user87,Dolly Parton,female,1
user142,Johnny Cash,male,1
user54,Andrew W.K.,male,1
user99,Blake Shelton,male,1
user194,Madonna,female,1
user249,Pitbull,male,0
user63,Taylor Swift,female,0
user198,Austin Mahone,male,1
user247,2 Chainz,male,-1
user89,David Bowie,male,0
user180,Celine Dion,female,1
user196,Billy Joel,male,0
user89,Missy Elliot,female,0
user23,Pitbull,male,1
user80,Taylor Swift,female,1
user26,Akon,male,1
user177,Paul McCartney,male,-1
user177,Andrew W.K.,male,1
user163,Andrew W.K.,male,-1
user54,David Bowie,male,1
user230,Iggy Azalea,female,0
user187,David Bowie,male,0
user143,Austin Mahone,male,1
user179,Demi Lovato,female,1
user144,Missy Elliot,female,1
user225,Akon,male,0
user135,Billy Joel,male,-1
user196,Pitbull,male,-1
user117,Justin Timberlake,male,1
user93,Katy Perry,female,0
user85,Sammy Hagar,male,-1
user89,Sammy Hagar,male,0
user183,Andrew W.K.,male,1
user144,Taylor Swift,female,0
user57,Demi Lovato,female,1
user197,Taylor Swift,female,-1
user110,Rihanna,female,1
user190,Beyonce,female,-1
user159,Adele,female,1
user198,Beyonce,female,1
user166,Blake Shelton,male,-1
user154,2 Chainz,male,1
user154,Adele,female,-1
user7,Justin Timberlake,male,1
user213,Andrew W.K.,male,-1
user235,Paul McCartney,male,1
user202,Blake Shelton,male,0
user39,Celine Dion,female,1
user99,Ellie Goulding,female,0
user144,Katy Perry,female,0
user71,Johnny Cash,male,1
user243,Johnny Cash,male,-1
user116,Ellie Goulding,female,1
user102,Justin Timberlake,male,1
user195,Madonna,female,1
user14,Johnny Cash,male,1
user106,Rihanna,female,1
user89,2 Chainz,male,-1
user2,Blake Shelton,male,1
user69,Akon,male,1
user75,Katy Perry,female,0
user185,Sammy Hagar,male,0
user94,Andrew W.K.,male,1
user122,Justin Timberlake,male,1
user154,Billy Joel,male,-1
user235,Carrie Underwood,female,1
user150,Johnny Cash,male,-1
user53,Carrie Underwood,female,0
user87,2 Chainz,male,1
user99,David Bowie,male,1
user7,Blake Shelton,male,-1
user188,Blake Shelton,male,1
user43,Carrie Underwood,female,1
user38,Paul McCartney,male,0
user62,Blake Shelton,male,-1
user121,Sammy Hagar,male,0
user135,Justin Timberlake,male,0
user234,Andrew W.K.,male,1
user217,Beyonce,female,1
user33,Akon,male,1
user235,Austin Mahone,male,-1
user58,Dolly Parton,female,1
user52,Missy Elliot,female,0
user202,Ellie Goulding,female,1
user217,Akon,male,-1
user90,Paul McCartney,male,-1
user3,Celine Dion,female,1
user243,2 Chainz,male,-1
user180,Ellie Goulding,female,-1
user154,Ellie Goulding,female,-1
user200,Sammy Hagar,male,1
user114,Justin Timberlake,male,-1
user151,Missy Elliot,female,1
user27,Blake Shelton,male,-1
user124,Carrie Underwood,female,-1
user188,Taylor Swift,female,1
user15,Iggy Azalea,female,1
user231,Beyonce,female,-1
user89,Dolly Parton,female,1
user230,Adele,female,-1
user135,Beyonce,female,0
user213,Katy Perry,female,-1
user70,Carrie Underwood,female,0
user242,Celine Dion,female,0
user88,Johnny Cash,male,0
user86,Madonna,female,1
user45,Demi Lovato,female,0
user188,Celine Dion,female,1
user1,Ellie Goulding,female,1
user86,Sammy Hagar,male,0
user165,Madonna,female,1
user232,Rihanna,female,-1
user169,Austin Mahone,male,1
user90,Justin Timberlake,male,1
user29,Andrew W.K.,male,-1
user170,Katy Perry,female,0
user177,Katy Perry,female,1
user138,Akon,male,1
user118,Madonna,female,1
user119,Dolly Parton,female,-1
user190,Billy Joel,male,-1
user210,Madonna,female,1
user57,Katy Perry,female,1
user92,Beyonce,female,-1
user80,Austin Mahone,male,-1
user195,Demi Lovato,female,1
user84,Adele,female,-1
user183,Johnny Cash,male,0
user127,David Bowie,male,0
user4,Justin Timberlake,male,-1
user239,Ellie Goulding,female,-1
user37,Johnny Cash,male,0
user72,Madonna,female,1
user114,Andrew W.K.,male,1
user205,Celine Dion,female,1
user47,Akon,male,1
user202,Justin Timberlake,male,0
user118,Dolly Parton,female,1
user137,Sammy Hagar,male,1
user107,Adele,female,0
user211,Austin Mahone,male,1
user62,Rihanna,female,0
user176,Andrew W.K.,male,-1
user68,Akon,male,-1
user62,Carrie Underwood,female,-1
user161,Ellie Goulding,female,-1
user70,Iggy Azalea,female,-1
user184,Beyonce,female,-1
user106,Demi Lovato,female,1
user140,David Bowie,male,-1
user223,Celine Dion,female,1
user196,Madonna,female,0
user227,Pitbull,male,1
user81,Missy Elliot,female,-1
user48,Missy Elliot,female,0
user44,Demi Lovato,female,-1
user29,Rihanna,female,-1
user120,Paul McCartney,male,1
user169,Johnny Cash,male,-1
user249,Austin Mahone,male,1
user81,Andrew W.K.,male,-1
user118,Paul McCartney,male,-1
user65,Ellie Goulding,female,1
user221,Katy Perry,female,1
user147,2 Chainz,male,1
user52,2 Chainz,male,1
user50,Madonna,female,-1
user201,Billy Joel,male,-1
user67,Carrie Underwood,female,0
user102,Sammy Hagar,male,0
user180,Pitbull,male,1
user102,Taylor Swift,female,0
user72,Pitbull,male,1
user64,Iggy Azalea,female,0
user115,David Bowie,male,0
user246,Sammy Hagar,male,0
user159,Pitbull,male,1
user14,Akon,male,0
user235,Blake Shelton,male,1
user121,Ellie Goulding,female,0
user10,Pitbull,male,0
user149,2 Chainz,male,0
user137,Andrew W.K.,male,1
user67,Austin Mahone,male,0
user115,Iggy Azalea,female,1
user235,Rihanna,female,1
user135,Dolly Parton,female,0
user195,Celine Dion,female,1
user210,Katy Perry,female,1
user247,Rihanna,female,0
user190,Madonna,female,0
user137,David Bowie,male,1
user114,Austin Mahone,male,1
user249,Rihanna,female,0
user226,Justin Timberlake,male,1
user90,Johnny Cash,male,-1
user76,Missy Elliot,female,0
user190,Rihanna,female,1
user99,Billy Joel,male,1
user50,Austin Mahone,male,1
user205,Akon,male,0
user5,Sammy Hagar,male,0
user185,David Bowie,male,1
user114,Demi Lovato,female,0
user3,Ellie Goulding,female,0
user1,Pitbull,male,1
user123,Pitbull,male,-1
user114,Akon,male,1
user57,Missy Elliot,female,-1
user87,Madonna,female,0
user192,Blake Shelton,male,0
user184,Akon,male,1
user28,Andrew W.K.,male,1
user54,Carrie Underwood,female,0
user190,Andrew W.K.,male,1
user125,2 Chainz,male,1
user145,Beyonce,female,1
user140,Andrew W.K.,male,0
user137,Rihanna,female,0
user45,Beyonce,female,1
user231,Missy Elliot,female,0
user52,Demi Lovato,female,1
user45,Taylor Swift,female,0
user121,Blake Shelton,male,-1
user76,Justin Timberlake,male,1
user134,Johnny Cash,male,1
user210,Blake Shelton,male,0
user122,Billy Joel,male,0
user54,Rihanna,female,1
user106,Billy Joel,male,0
user143,Taylor Swift,female,0
user68,Ellie Goulding,female,-1
user80,Blake Shelton,male,1
user127,Johnny Cash,male,0
user182,Taylor Swift,female,1
user235,Taylor Swift,female,-1
user131,Missy Elliot,female,1
user71,Dolly Parton,female,-1
user216,Celine Dion,female,1
user135,Ellie Goulding,female,0
user76,Johnny Cash,male,1
user57,Ellie Goulding,female,-1
user154,Paul McCartney,male,1
user90,Austin Mahone,male,1
user176,Carrie Underwood,female,1
user189,2 Chainz,male,0
user35,Adele,female,0
user176,2 Chainz,male,0
user67,Johnny Cash,male,-1
user183,Beyonce,female,0
user243,Katy Perry,female,1
user55,Rihanna,female,1
user42,Demi Lovato,female,-1
user211,Blake Shelton,male,1
user89,Beyonce,female,0
user205,Katy Perry,female,1
user106,Akon,male,1
user144,Dolly Parton,female,1
user38,2 Chainz,male,0
user82,Andrew W.K.,male,-1
user43,David Bowie,male,1
user82,Taylor Swift,female,1
user213,Akon,male,1
user89,Andrew W.K.,male,1
user66,Iggy Azalea,female,0
user233,Andrew W.K.,male,1
user149,Madonna,female,0
user235,Demi Lovato,female,0
user2,Austin Mahone,male,1
user178,Demi Lovato,female,-1
user91,Carrie Underwood,female,1
user1,Madonna,female,-1
user51,Sammy Hagar,male,0
user196,Justin Timberlake,male,1
user93,Carrie Underwood,female,1
user135,Carrie Underwood,female,1
user172,Andrew W.K.,male,0
user249,Missy Elliot,female,1
user236,Pitbull,male,-1
user188,Dolly Parton,female,0
user202,Johnny Cash,male,-1
user111,Andrew W.K.,male,-1
user16,Ellie Goulding,female,-1
user176,Ellie Goulding,female,1
user42,David Bowie,male,0
user144,Blake Shelton,male,1
user67,Dolly Parton,female,-1
user81,Iggy Azalea,female,-1
user82,Dolly Parton,female,0
user80,2 Chainz,male,1
user240,Iggy Azalea,female,1
user165,Iggy Azalea,female,1
user1,Katy Perry,female,0
user148,2 Chainz,male,-1
user67,Adele,female,0
user227,Demi Lovato,female,0
user166,Iggy Azalea,female,0
user85,Dolly Parton,female,0
user136,Paul McCartney,male,1
user210,Beyonce,female,0
user159,Blake Shelton,male,-1
user101,Celine Dion,female,0
user115,Justin Timberlake,male,1
user136,Andrew W.K.,male,0
user147,Blake Shelton,male,0
user99,Sammy Hagar,male,0
user50,Justin Timberlake,male,0
user21,Missy Elliot,female,-1
user224,2 Chainz,male,0
user23,Beyonce,female,-1
user88,Ellie Goulding,female,0
user202,Dolly Parton,female,1
user147,Beyonce,female,1
user1,Rihanna,female,1
user162,Pitbull,male,0
user3,Johnny Cash,male,1
user210,Demi Lovato,female,0
user172,Adele,female,-1
user7,2 Chainz,male,1
user189,Billy Joel,male,0
user43,Akon,male,1
user82,Sammy Hagar,male,1
user123,Demi Lovato,female,1
user40,Andrew W.K.,male,-1
user245,Blake Shelton,male,1
user222,Paul McCartney,male,1
user16,Blake Shelton,male,-1
user43,Iggy Azalea,female,1
user169,Dolly Parton,female,1
user206,Katy Perry,female,-1
user241,Justin Timberlake,male,1
user42,Blake Shelton,male,0
user247,Demi Lovato,female,1
user135,Blake Shelton,male,0
user28,Madonna,female,1
user57,Paul McCartney,male,0
user30,Ellie Goulding,female,1
user210,Justin Timberlake,male,1
user42,Adele,female,1
user124,David Bowie,male,0
user14,Ellie Goulding,female,-1
user236,Adele,female,0
user176,Iggy Azalea,female,0
user16,Carrie Underwood,female,0
user120,Sammy Hagar,male,-1
user85,Billy Joel,male,1
user161,Demi Lovato,female,0
user146,David Bowie,male,1
user122,Celine Dion,female,-1
user202,Adele,female,-1
user86,Celine Dion,female,1
user140,Celine Dion,female,-1
user153,Adele,female,-1
user202,Rihanna,female,0
user37,Pitbull,male,0
user212,Taylor Swift,female,0
user33,Rihanna,female,0
user126,Dolly Parton,female,0
user54,Dolly Parton,female,0
user83,Demi Lovato,female,0
user114,Johnny Cash,male,0
user119,Justin Timberlake,male,1
user135,Pitbull,male,-1
user222,Iggy Azalea,female,0
user109,2 Chainz,male,1
user144,Justin Timberlake,male,-1
user217,Iggy Azalea,female,0
user196,Dolly Parton,female,1
user168,Katy Perry,female,1
user201,Paul McCartney,male,1
user213,Beyonce,female,0
user226,Celine Dion,female,1
user138,Celine Dion,female,1
user212,Billy Joel,male,0
user209,2 Chainz,male,1
user144,Madonna,female,1
user32,Billy Joel,male,1
user248,David Bowie,male,0
user123,Billy Joel,male,1
user97,Demi Lovato,female,0
user224,Billy Joel,male,1
user28,Iggy Azalea,female,-1
user109,Katy Perry,female,1
user2,Carrie Underwood,female,1
user100,Justin Timberlake,male,-1
user51,Ellie Goulding,female,-1
user68,Missy Elliot,female,-1
user3,Katy Perry,female,-1
user210,Missy Elliot,female,0
user168,Ellie Goulding,female,0
user212,Rihanna,female,0
user166,Sammy Hagar,male,1
user143,Beyonce,female,-1
user94,Taylor Swift,female,1
user28,Pitbull,male,1
user54,Akon,male,-1
user117,Katy Perry,female,1
user130,Demi Lovato,female,1
user10,Carrie Underwood,female,0
user68,Justin Timberlake,male,1
user138,David Bowie,male,0
user75,Rihanna,female,1
user88,Madonna,female,1
user62,Katy Perry,female,1
user225,David Bowie,male,1
user191,Blake Shelton,male,1
user132,David Bowie,male,1
user180,Justin Timberlake,male,1
user238,Madonna,female,1
user170,Carrie Underwood,female,1
user76,Carrie Underwood,female,0
user37,Sammy Hagar,male,0
user103,Billy Joel,male,-1
user44,Akon,male,-1
user128,Demi Lovato,female,-1
user33,Ellie Goulding,female,0
user44,Rihanna,female,-1
user156,Billy Joel,male,1
user111,Billy Joel,male,0
user131,Katy Perry,female,0
user161,Austin Mahone,male,1
user206,Adele,female,-1
user91,Akon,male,0
user1,2 Chainz,male,1
user63,Dolly Parton,female,1
user169,Madonna,female,1
user82,Katy Perry,female,0
user139,Katy Perry,female,1
user96,Dolly Parton,female,-1
user54,Sammy Hagar,male,-1
user119,Sammy Hagar,male,-1
user130,Carrie Underwood,female,1
user157,Pitbull,male,0
user138,Andrew W.K.,male,-1
user40,Akon,male,0
user243,Sammy Hagar,male,0
user163,Madonna,female,-1
user135,Andrew W.K.,male,0
user20,Rihanna,female,1
user42,Austin Mahone,male,1
user114,Ellie Goulding,female,1
user150,Rihanna,female,1
user139,Adele,female,1
user120,Celine Dion,female,1
user32,Sammy Hagar,male,-1
user49,Missy Elliot,female,0
user93,Taylor Swift,female,0
user65,Katy Perry,female,-1
user236,Blake Shelton,male,1
user228,Ellie Goulding,female,0
user77,Billy Joel,male,-1
user2,Akon,male,-1
user168,Blake Shelton,male,0
user118,Pitbull,male,1
user120,Katy Perry,female,1
user10,Johnny Cash,male,1
user121,David Bowie,male,0
user233,Demi Lovato,female,-1
user144,2 Chainz,male,0
user135,Taylor Swift,female,0
user205,Carrie Underwood,female,-1
user2,Taylor Swift,female,1
user82,Iggy Azalea,female,-1
user111,Carrie Underwood,female,-1
user235,Pitbull,male,1
user50,Dolly Parton,female,-1
user86,Adele,female,0
user22,Adele,female,0
user22,Rihanna,female,-1
user150,2 Chainz,male,0
user92,Billy Joel,male,0
user248,Missy Elliot,female,1
user109,Missy Elliot,female,1
user62,Beyonce,female,-1
user61,Johnny Cash,male,1
user54,Madonna,female,1
user50,Akon,male,1
user209,Madonna,female,-1
user171,Billy Joel,male,1
user177,Ellie Goulding,female,0
user246,2 Chainz,male,-1
user178,David Bowie,male,0
user213,Missy Elliot,female,1
user28,Justin Timberlake,male,-1
user131,Paul McCartney,male,0
user53,2 Chainz,male,1
user118,Rihanna,female,1
user119,Blake Shelton,male,1
user244,Katy Perry,female,1
user150,Blake Shelton,male,-1
user10,Dolly Parton,female,-1
user61,Andrew W.K.,male,1
user49,David Bowie,male,-1
user67,Demi Lovato,female,0
user47,Pitbull,male,1
user120,Austin Mahone,male,1
user166,Rihanna,female,-1
user106,Taylor Swift,female,1
user207,Carrie Underwood,female,-1
user239,Rihanna,female,1
user54,Iggy Azalea,female,-1
user187,Blake Shelton,male,-1
user131,Sammy Hagar,male,0
user156,Adele,female,0
user158,Demi Lovato,female,1
user226,Iggy Azalea,female,1
user132,Sammy Hagar,male,-1
user40,2 Chainz,male,1
user163,Missy Elliot,female,0
user196,David Bowie,male,-1
user219,Justin Timberlake,male,0
user208,David Bowie,male,0
user121,Andrew W.K.,male,-1
user239,Blake Shelton,male,1
user147,Rihanna,female,-1
user29,Adele,female,0
user204,Ellie Goulding,female,1
user135,Austin Mahone,male,1
user50,Ellie Goulding,female,0
user204,Carrie Underwood,female,-1
user104,Taylor Swift,female,1
user135,Adele,female,-1
user8,David Bowie,male,0
user213,Pitbull,male,1
user66,Billy Joel,male,-1
user152,Ellie Goulding,female,-1
user28,Beyonce,female,-1
user114,Billy Joel,male,1
user196,Paul McCartney,male,-1
user106,David Bowie,male,1
user163,Austin Mahone,male,1
user192,Johnny Cash,male,1
user93,Iggy Azalea,female,-1
user37,2 Chainz,male,1
user50,Johnny Cash,male,-1
user43,Billy Joel,male,0
user209,Demi Lovato,female,0
user234,David Bowie,male,-1
user104,Carrie Underwood,female,0
user186,Johnny Cash,male,1
user98,David Bowie,male,-1
user123,Ellie Goulding,female,0
user236,Katy Perry,female,1
user85,Carrie Underwood,female,1
user24,Justin Timberlake,male,-1
user172,Celine Dion,female,1
user43,Adele,female,1
user105,Carrie Underwood,female,0
user53,Madonna,female,1
user93,Rihanna,female,1
user224,Blake Shelton,male,1
user146,Rihanna,female,0
user7,Akon,male,1
user115,Missy Elliot,female,1
user194,Katy Perry,female,1
user173,Pitbull,male,1
user243,Carrie Underwood,female,-1
user120,Johnny Cash,male,0
user24,Taylor Swift,female,-1
user55,Beyonce,female,-1
user123,Missy Elliot,female,0
user118,Iggy Azalea,female,1
user147,Paul McCartney,male,-1
user136,Austin Mahone,male,1
user1,Beyonce,female,-1
user50,Beyonce,female,-1
user50,Iggy Azalea,female,1
user207,Celine Dion,female,0
user147,Adele,female,0
user226,Adele,female,-1
user202,Andrew W.K.,male,-1
user73,Katy Perry,female,1
user241,Katy Perry,female,-1
user140,Blake Shelton,male,-1
user22,Demi Lovato,female,0
user187,Akon,male,1
user3,Iggy Azalea,female,1
user118,2 Chainz,male,1
user147,Madonna,female,1
user202,Carrie Underwood,female,-1
user188,Billy Joel,male,1
user154,Pitbull,male,0
user167,Paul McCartney,male,-1
user48,Rihanna,female,1
user111,Dolly Parton,female,1
user111,Celine Dion,female,1
user217,Billy Joel,male,1
user205,Andrew W.K.,male,0
user190,Demi Lovato,female,-1
user139,Taylor Swift,female,0
user1,David Bowie,male,0
user27,Justin Timberlake,male,0
user195,Austin Mahone,male,-1
user109,Justin Timberlake,male,1
user47,Madonna,female,1
user41,Beyonce,female,1
user10,Taylor Swift,female,0
user192,Billy Joel,male,-1
user84,2 Chainz,male,-1
user38,Pitbull,male,-1
user133,Iggy Azalea,female,0
user156,Paul McCartney,male,0
user81,Justin Timberlake,male,1
user187,Celine Dion,female,1
user226,Akon,male,1
user24,Austin Mahone,male,1
user37,Celine Dion,female,1
user27,Demi Lovato,female,0
user120,Blake Shelton,male,1
user85,2 Chainz,male,0
user41,Akon,male,-1
user24,Ellie Goulding,female,-1
user190,Celine Dion,female,1
user135,Sammy Hagar,male,1
user17,Austin Mahone,male,0
user66,Demi Lovato,female,0
user154,Katy Perry,female,-1
user163,Dolly Parton,female,1
user55,Missy Elliot,female,-1
user128,Blake Shelton,male,1
user194,Justin Timberlake,male,-1
user35,Taylor Swift,female,-1
user187,Taylor Swift,female,1
user167,Katy Perry,female,1
user191,Taylor Swift,female,1
user88,Katy Perry,female,1
user104,Andrew W.K.,male,-1
user72,Iggy Azalea,female,1
user122,Johnny Cash,male,0
user209,Rihanna,female,-1
user97,Justin Timberlake,male,1
user247,Carrie Underwood,female,0
user164,Beyonce,female,1
user61,Rihanna,female,0
user54,2 Chainz,male,1
user166,Adele,female,0
user183,Iggy Azalea,female,1
user4,Sammy Hagar,male,1
user171,Dolly Parton,female,0
user88,Paul McCartney,male,-1
user31,Beyonce,female,0
user119,Katy Perry,female,0
user16,Sammy Hagar,male,1
user68,Blake Shelton,male,-1
user44,Beyonce,female,0
user97,Blake Shelton,male,-1
user104,Johnny Cash,male,0
user218,Missy Elliot,female,1
user121,Pitbull,male,0
user28,Austin Mahone,male,1
user11,Justin Timberlake,male,1
user122,Iggy Azalea,female,1
user123,Taylor Swift,female,1
user219,Blake Shelton,male,1
user118,David Bowie,male,-1
user92,Madonna,female,0
user3,Carrie Underwood,female,1
user108,2 Chainz,male,0
user127,Iggy Azalea,female,0
user204,Demi Lovato,female,-1
user84,Pitbull,male,1
user149,Sammy Hagar,male,1
user89,Celine Dion,female,0
user55,Paul McCartney,male,1
user38,Justin Timberlake,male,0
user43,Andrew W.K.,male,1
user201,Madonna,female,1
user170,Taylor Swift,female,0
user191,Paul McCartney,male,1
user238,Taylor Swift,female,1
user163,Sammy Hagar,male,-1
user54,Austin Mahone,male,0
user39,David Bowie,male,-1
user79,Johnny Cash,male,0
user11,Demi Lovato,female,1
user226,Rihanna,female,0
user63,Paul McCartney,male,1
user250,Carrie Underwood,female,-1
user27,Taylor Swift,female,0
user183,Demi Lovato,female,0
user224,Demi Lovato,female,-1
user216,Iggy Azalea,female,0
user42,Madonna,female,0
user209,Austin Mahone,male,0
user175,Missy Elliot,female,0
user16,Dolly Parton,female,1
user104,Pitbull,male,1
user127,2 Chainz,male,-1
user182,Andrew W.K.,male,0
user224,Johnny Cash,male,1
user72,David Bowie,male,1
user62,Andrew W.K.,male,0
user10,Sammy Hagar,male,1
user63,Carrie Underwood,female,-1
user249,2 Chainz,male,-1
user16,Iggy Azalea,female,1
user226,Andrew W.K.,male,1
user69,Carrie Underwood,female,1
user101,Madonna,female,-1
user132,Madonna,female,-1
user5,Carrie Underwood,female,1
user3,Billy Joel,male,0
user107,Sammy Hagar,male,-1
user235,Billy Joel,male,0
user239,Billy Joel,male,1
user238,Paul McCartney,male,1
user161,Carrie Underwood,female,0
user21,Carrie Underwood,female,1
user185,Rihanna,female,-1
user1,Andrew W.K.,male,0
user104,Katy Perry,female,1
user22,Dolly Parton,female,1
user161,Akon,male,1
user27,2 Chainz,male,-1
user244,Ellie Goulding,female,-1
user213,Celine Dion,female,-1
user122,Missy Elliot,female,-1
user25,Missy Elliot,female,0
user28,Dolly Parton,female,-1
user224,Sammy Hagar,male,-1
user145,Akon,male,1
user147,Andrew W.K.,male,0
user66,Carrie Underwood,female,1
user113,Austin Mahone,male,-1
user85,Missy Elliot,female,1
user68,Celine Dion,female,1
user196,Rihanna,female,0
user109,Paul McCartney,male,0
user224,Dolly Parton,female,1
user94,Billy Joel,male,1
user101,Carrie Underwood,female,0
user146,Beyonce,female,0
user79,Dolly Parton,female,1
user30,Akon,male,1
user195,Taylor Swift,female,0
user217,Sammy Hagar,male,-1
user153,Justin Timberlake,male,-1
user77,Rihanna,female,-1
user16,David Bowie,male,0
user111,Taylor Swift,female,-1
user192,Beyonce,female,-1
user53,Sammy Hagar,male,0
user45,Katy Perry,female,1
user27,Rihanna,female,0
user224,Akon,male,1
user19,Johnny Cash,male,1
user126,David Bowie,male,1
user31,Demi Lovato,female,1
user179,Missy Elliot,female,1
user7,Andrew W.K.,male,1
user72,Rihanna,female,1
user228,2 Chainz,male,0
user120,Taylor Swift,female,0
user225,Carrie Underwood,female,1
user114,Taylor Swift,female,0
user95,Akon,male,-1
user42,2 Chainz,male,-1
user49,Katy Perry,female,1
user153,David Bowie,male,-1
user230,David Bowie,male,1
user131,Ellie Goulding,female,1
user54,Blake Shelton,male,1
user24,Adele,female,0
user28,Rihanna,female,1
user144,Rihanna,female,1
user211,Rihanna,female,0
user202,Austin Mahone,male,1
user30,Rihanna,female,-1
user141,Paul McCartney,male,1
user169,Katy Perry,female,0
user86,Johnny Cash,male,-1
user139,Ellie Goulding,female,0
user101,Missy Elliot,female,1
user54,Taylor Swift,female,0
user78,Akon,male,0
user42,Taylor Swift,female,0
user234,Madonna,female,0
user14,Justin Timberlake,male,-1
user88,Iggy Azalea,female,0
user13,Missy Elliot,female,1
user183,Sammy Hagar,male,0
user223,2 Chainz,male,0
user145,Sammy Hagar,male,0
user118,Adele,female,-1
user153,Ellie Goulding,female,1
user86,Austin Mahone,male,1
user194,Celine Dion,female,0
